<?xml version="1.0"?>
<!--
  @copyright  Vertex. All rights reserved.  https://www.vertexinc.com/
  @author     Mediotype                     https://www.mediotype.com/
  -->
<config xmlns:xsi="http://www.w3.org/2001/XMLSchema-instance"
        xsi:noNamespaceSchemaLocation="urn:magento:framework:ObjectManager/etc/config.xsd">
    <virtualType name="Magento\CatalogStaging\Ui\DataProvider\Product\Form\Modifier\Pool">
        <arguments>
            <argument name="modifiers" xsi:type="array">
                <item name="vertex-commodity-code" xsi:type="array">
                    <item name="class" xsi:type="string">Vertex\TaxStaging\Ui\DataProvider\Product\Form\Modifier\CommodityCode</item>
                    <item name="sortOrder" xsi:type="number">140</item>
                </item>
            </argument>
        </arguments>
    </virtualType>

    <virtualType name="Magento\Catalog\Ui\DataProvider\Product\Form\Modifier\Pool">
        <arguments>
            <argument name="modifiers" xsi:type="array">
                <item name="vertex-commodity-code" xsi:type="array">
                    <item name="class" xsi:type="string">Vertex\TaxStaging\Ui\DataProvider\Product\Form\Modifier\CommodityCode</item>
                    <item name="sortOrder" xsi:type="number">80</item>
                </item>
            </argument>
        </arguments>
    </virtualType>
</config>
